1,1,V1_L,-10.07826528,-84.15942659,1.758543296,L,V1,1
2,2,V2_L,-12.04403573,-82.05916973,4.029322123,L,V2,2
3,3,V3_L,-16.60667042,-84.79341402,7.258654658,L,V3,3
4,4,V4_L,-29.55646173,-86.00857382,-1.542032622,L,V4,4
5,5,IPS1_L,-24.45573958,-74.77555682,38.04683038,L,IPS1,5
6,6,V3A_L,-15.32679142,-90.37654039,27.93336376,L,V3A,6
7,7,V3B_L,-27.17057903,-81.71830986,17.57120501,L,V3B,7
8,8,V6_L,-15.10199715,-79.08273894,30.83594864,L,V6,8
9,9,V6A_L,-21.27654867,-85.8960177,42.0210177,L,V6A,9
10,10,V7_L,-24.51741294,-86.38208955,29.84875622,L,V7,10
11,11,FFC_L,-42.48206861,-61.12266112,-18.09199584,L,FFC,11
12,12,PIT_L,-43.89942529,-84.37428161,-10.66882184,L,PIT,12
13,13,V8_L,-30.09919177,-75.97869214,-13.11756062,L,V8,13
14,14,VMV1_L,-21.47390841,-53.4057508,-5.958466454,L,VMV1,14
15,15,VMV2_L,-28.70735524,-53.30359937,-6.179968701,L,VMV2,15
16,16,VMV3_L,-28.04569607,-60.77577046,-11.38257173,L,VMV3,16
17,17,VVC_L,-31.56614395,-50.59107358,-18.44350623,L,VVC,17
18,18,FST_L,-45.27039275,-69.39577039,4.995468278,L,FST,18
19,19,LO1_L,-39.1631664,-82.23101777,8.075928918,L,LO1,19
20,20,LO2_L,-45.7014419,-85.95080577,1.887192536,L,LO2,20
21,21,LO3_L,-39.89041096,-76.90182648,14.83789954,L,LO3,21
22,22,MST_L,-44.73551637,-67.28967254,11.76196474,L,MST,22
23,23,MT_L,-43.33387097,-70.24516129,14.46290323,L,MT,23
24,24,PH_L,-45.57833768,-66.01129453,-6.141615986,L,PH,24
25,25,V3CD_L,-37.97374429,-87.97945205,12.20776256,L,V3CD,25
26,26,V4t_L,-50.70973963,-78.1533269,8.677917068,L,V4t,26
27,27,1_L,-47.79559939,-25.8508346,54.51365706,L,1,27
28,28,2_L,-37.89761571,-33.24801309,51.07924264,L,2,28
29,29,3a_L,-33.5318202,-22.0787717,44.56742323,L,3a,29
30,30,3b_L,-38.47147312,-22.81434599,53.63749771,L,3b,30
31,31,4_L,-26.47735709,-20.19803267,55.7107461,L,4,31
32,32,23c_L,-11.24258521,-30.13722886,42.91146525,L,23c,32
33,33,24dd_L,-6.63564728,-13.5902439,49.51857411,L,24dd,33
34,34,24dv_L,-8.682156134,0.717472119,43.98698885,L,24dv,34
35,35,5L_L,-15.21387283,-48.74877723,71.49533126,L,5L,35
36,36,5m_L,-7.08698584,-40.6183412,61.15778827,L,5m,36
37,37,5mv_L,-13.61538462,-37.35675348,49.97456087,L,5mv,37
38,38,6ma_L,-20.62928191,4.427048972,67.26820604,L,6ma,38
39,39,6mp_L,-13.68738179,-13.86976493,70.00675493,L,6mp,39
40,40,SCEF_L,-6.338857143,4.535428571,58.47285714,L,SCEF,40
41,41,55b_L,-48.46944674,-1.069777044,50.09496284,L,55b,41
42,42,6a_L,-25.73730215,-2.3621545,54.16938342,L,6a,42
43,43,6d_L,-35.25068587,-13.60699588,65.99314129,L,6d,43
44,44,6r_L,-52.45196434,6.892373721,17.06536811,L,6r,44
45,45,6v_L,-59.39180723,3.916626506,31.98987952,L,6v,45
46,46,FEF_L,-40.67543369,-5.599888081,52.37045327,L,FEF,46
47,47,PEF_L,-47.85089463,-0.488071571,40.07355865,L,PEF,47
48,48,43_L,-57.13975648,-1.585494971,9.886712546,L,43,48
49,49,FOP1_L,-50.79863481,0.791808874,4.536973834,L,FOP1,49
50,50,OP1_L,-45.41803922,-24.0854902,20.01019608,L,OP1,50
51,51,OP2-3_L,-39.9300106,-17.08483563,19.15164369,L,OP2-3,51
52,52,OP4_L,-57.97298456,-15.10463122,15.99957118,L,OP4,52
53,53,52_L,-39.18758621,-21.35586207,0.933793103,L,52,53
54,54,A1_L,-43.53958944,-25.24828935,12.20527859,L,A1,54
55,55,LBelt_L,-44.89756098,-27.79756098,9.01097561,L,LBelt,55
56,56,MBelt_L,-44.83252818,-17.24396135,4.615136876,L,MBelt,56
57,57,PBelt_L,-52.73240256,-25.68004654,8.80919139,L,PBelt,57
58,58,PFcm_L,-50.74831763,-31.77590848,20.50942127,L,PFcm,58
59,59,RI_L,-39.37249782,-34.6283725,19.67624021,L,RI,59
60,60,A4_L,-63.27262379,-21.65054069,8.480933409,L,A4,60
61,61,A5_L,-63.37895995,-15.22175732,-1.963538553,L,A5,61
62,62,STGa_L,-51.31646074,12.98007174,-17.6990833,L,STGa,62
63,63,STSda_L,-53.98251029,-5.54063786,-12.50925926,L,STSda,63
64,64,STSdp_L,-52.80641926,-32.77683049,0.962888666,L,STSdp,64
65,65,STSva_L,-52.35773318,-9.350649351,-16.89551358,L,STSva,65
66,66,STSvp_L,-56.27674258,-35.07280883,-3.354727398,L,STSvp,66
67,67,TA2_L,-51.88471673,1.578392622,-5.250329381,L,TA2,67
68,68,AAIC_L,-35.46207639,13.86659494,-11.56589564,L,AAIC,68
69,69,AVI_L,-31.35753804,25.09405256,-3.347164592,L,AVI,69
70,70,FOP2_L,-42.75733333,-5.232,14.59066667,L,FOP2,70
71,71,FOP3_L,-36.38594164,2.359416446,12.9933687,L,FOP3,71
72,72,FOP4_L,-41.31086439,12.870341,5.243854084,L,FOP4,72
73,73,FOP5_L,-36.53276793,27.37239784,3.939861218,L,FOP5,73
74,74,Ig_L,-36.19857313,-15.4863258,14.80856124,L,Ig,74
75,75,MI_L,-37.21979068,11.06137012,2.366317793,L,MI,75
76,76,PI_L,-44.85188771,-4.322362052,-13.13359148,L,PI,76
77,77,Pir_L,-29.11630958,3.292085702,-17.54919108,L,Pir,77
78,78,PoI1_L,-39.39536168,-12.06957482,-2.81667587,L,PoI1,78
79,79,PoI2_L,-40.69930834,-3.278121587,-0.177648344,L,PoI2,79
80,80,Hipp_L,-26.27419355,-24.94109397,-14.53856942,L,Hipp,80
81,81,PreS_L,-16.78425977,-34.68739681,-12.21188773,L,PreS,81
82,82,EC_L,-23.78796427,-12.62576399,-31.01175364,L,EC,82
83,83,PeEc_L,-31.12971405,-9.016991297,-33.48528802,L,PeEc,83
84,84,TF_L,-43.36402408,-20.19443051,-30.81384847,L,TF,84
85,85,PHA1_L,-24.38563622,-37.44340359,-14.38875878,L,PHA1,85
86,86,PHA2_L,-33.27713921,-36.39719029,-11.33716475,L,PHA2,86
87,87,PHA3_L,-31.76816609,-37.35590707,-18.06327237,L,PHA3,87
88,88,PHT_L,-57.57197513,-62.21329507,3.199186992,L,PHT,88
89,89,TE1a_L,-60.96020662,-5.86435814,-22.60512722,L,TE1a,89
90,90,TE1m_L,-64.65648398,-26.86433064,-14.72327044,L,TE1m,90
91,91,TE1p_L,-61.68858909,-49.89544688,-9.548341765,L,TE1p,91
92,92,TE2a_L,-58.05499912,-24.70479705,-27.64944649,L,TE2a,92
93,93,TE2p_L,-48.69185905,-42.67776428,-21.06196841,L,TE2p,93
94,94,TGd_L,-39.10625981,11.93789246,-34.88010204,L,TGd,94
95,95,TGv_L,-37.83432593,-0.989442339,-45.09312398,L,TGv,95
96,96,PSL_L,-58.25394615,-45.72330548,25.76880223,L,PSL,96
97,97,STV_L,-62.52497847,-49.15934539,17.95650301,L,STV,97
98,98,TPOJ1_L,-55.73977165,-45.41341579,9.902949572,L,TPOJ1,98
99,99,TPOJ2_L,-52.37979275,-62.12020725,15.86943005,L,TPOJ2,99
100,100,TPOJ3_L,-46.98682171,-73.03178295,21.33953488,L,TPOJ3,100
101,101,7AL_L,-22.37722587,-51.16166823,65.28631678,L,7AL,101
102,102,7Am_L,-7.771619366,-60.05976628,61.41803005,L,7Am,102
103,103,7PC_L,-38.33100603,-47.18152967,60.24087591,L,7PC,103
104,104,7PL_L,-15.04011799,-72.66135693,56.76696165,L,7PL,104
105,105,7Pm_L,-4.32792005,-69.43660212,50.77763898,L,7Pm,105
106,106,AIP_L,-40.52276138,-39.10155078,42.63781891,L,AIP,106
107,107,LIPd_L,-30.2906746,-53.98809524,43.3452381,L,LIPd,107
108,108,LIPv_L,-30.83164783,-57.18441404,54.43902439,L,LIPv,108
109,109,MIP_L,-25.86965812,-67.17574786,48.87767094,L,MIP,109
110,110,VIP_L,-23.78201058,-63.13968254,63.97407407,L,VIP,110
111,111,IP0_L,-30.97423109,-77.31005819,25.61512884,L,IP0,111
112,112,IP1_L,-30.72990544,-68.34160757,39.36938534,L,IP1,112
113,113,IP2_L,-42.88344434,-46.20551855,44.32207422,L,IP2,113
114,114,PF_L,-61.33205058,-36.16181052,35.83818948,L,PF,114
115,115,PFm_L,-50.93649635,-55.75839416,44.40158151,L,PFm,115
116,116,PFop_L,-63.3344463,-24.61602671,23.29604897,L,PFop,116
117,117,PFt_L,-56.60262229,-25.8214826,36.45688351,L,PFt,117
118,118,PGi_L,-47.26612398,-63.56689626,27.88144437,L,PGi,118
119,119,PGp_L,-37.69732107,-85.17952819,24.77369052,L,PGp,119
120,120,PGs_L,-39.96331283,-75.92025483,40.90773286,L,PGs,120
121,121,23d_L,-3.283901665,-18.78033307,39.73275178,L,23d,121
122,122,31a_L,-4.28015873,-36.59365079,43.29365079,L,31a,122
123,123,31pd_L,-9.004901961,-52.57352941,35.01120448,L,31pd,123
124,124,31pv_L,-10.24736842,-45.96736842,32.44842105,L,31pv,124
125,125,7m_L,-4.031954887,-63.52584586,34.92481203,L,7m,125
126,126,d23ab_L,-3.329807094,-41.70690728,31.89172371,L,d23ab,126
127,127,DVT_L,-17.78294574,-73.14285714,34.90919158,L,DVT,127
128,128,PCV_L,-6.350111359,-51.37728285,48.12561247,L,PCV,128
129,129,POS1_L,-11.09600948,-58.8407744,14.0007902,L,POS1,129
130,130,POS2_L,-9.30450782,-72.12296841,36.16252683,L,POS2,130
131,131,ProS_L,-20.8903437,-55.09656301,4.073649755,L,ProS,131
132,132,RSC_L,-5.24204947,-34.15088339,21.87844523,L,RSC,132
133,133,v23ab_L,-3.847161572,-56.48908297,18.92248908,L,v23ab,133
134,134,10r_L,-6.77092511,51.35368156,-10.59597231,L,10r,134
135,135,10v_L,-4.735279058,52.52099334,-18.19457245,L,10v,135
136,136,25_L,-4.608581894,21.17739403,-11.9010989,L,25,136
137,137,33pr_L,-3.658788774,15.05982275,25.43870015,L,33pr,137
138,138,8BM_L,-5.314862268,32.18001281,44.60538117,L,8BM,138
139,139,9m_L,-6.769643421,55.35279268,23.10744714,L,9m,139
140,140,a24_L,-5.729976019,40.64508393,-4.49736211,L,a24,140
141,141,a24pr_L,-6.192694064,19.56164384,29.99726027,L,a24pr,141
142,142,a32pr_L,-7.89766913,30.56281978,28.01762365,L,a32pr,142
143,143,d32_L,-8.42459605,42.13464991,24.95915619,L,d32,143
144,144,p24_L,-4.984962406,38.48955723,10.97076023,L,p24,144
145,145,p24pr_L,-4.181434599,0.202531646,39.49648383,L,p24pr,145
146,146,p32_L,-11.14491525,50.2220339,-2.874576271,L,p32,146
147,147,p32pr_L,-8.453792224,15.73613767,38.34671765,L,p32pr,147
148,148,pOFC_L,-13.16532582,12.57200322,-19.31053902,L,pOFC,148
149,149,s32_L,-8.574503311,35.11589404,-14.02483444,L,s32,149
150,150,10d_L,-12.69731065,66.10455543,6.193743139,L,10d,150
151,151,10pp_L,-14.96895343,63.07361042,-14.7776665,L,10pp,151
152,152,11l_L,-26.70716511,49.36476919,-15.19852733,L,11l,152
153,153,13l_L,-23.31412104,30.38946068,-19.34005764,L,13l,153
154,154,47m_L,-35.94993742,32.8873592,-14.30413016,L,47m,154
155,155,47s_L,-33.09624329,21.32665474,-20.61359571,L,47s,155
156,156,a10p_L,-28.35488798,58.93533605,-5.133401222,L,a10p,156
157,157,OFC_L,-10.65855263,33.96140351,-24.70307018,L,OFC,157
158,158,p10p_L,-25.8147448,61.48109641,3.631379962,L,p10p,158
159,159,44_L,-54.16919918,15.59055441,13.17371663,L,44,159
160,160,45_L,-51.5430622,26.5778841,2.191121744,L,45,160
161,161,47l_L,-46.65255243,29.66759003,-10.8880095,L,47l,161
162,162,a47r_L,-41.59227262,48.69210463,-11.38948884,L,a47r,162
163,163,IFJa_L,-43.11632518,12.63516193,26.30733642,L,IFJa,163
164,164,IFJp_L,-39.91770833,3.302083333,29.1375,L,IFJp,164
165,165,IFSa_L,-46.82887701,33.59212445,10.30870199,L,IFSa,165
166,166,IFSp_L,-49.21334172,23.15166772,21.21837634,L,IFSp,166
167,167,p47r_L,-44.76887014,43.77777778,0.960150023,L,p47r,167
168,168,46_L,-39.61998766,37.961752,31.34114744,L,46,168
169,169,8Ad_L,-24.19314826,28.93177791,42.4010632,L,8Ad,169
170,170,8Av_L,-38.97794882,17.23236946,50.74058664,L,8Av,170
171,171,8BL_L,-12.91945514,35.81670121,53.60586319,L,8BL,171
172,172,8C_L,-43.87564259,13.21933905,36.52093023,L,8C,172
173,173,9-46d_L,-30.21746802,45.94177327,23.99470666,L,9-46d,173
174,174,9a_L,-22.08715596,57.68672423,23.22611981,L,9a,174
175,175,9p_L,-21.02802102,47.0668418,37.26853473,L,9p,175
176,176,a9-46v_L,-40.76523838,51.15359083,9.586602293,L,a9-46v,176
177,177,i6-8_L,-30.8877551,8.136054422,57.23639456,L,i6-8,177
178,178,p9-46v_L,-47.85649599,29.02473006,25.67920585,L,p9-46v,178
179,179,s6-8_L,-22.53967066,23.36526946,56.3248503,L,s6-8,179
180,180,SFL_L,-8.377485154,16.01497547,63.94500387,L,SFL,180
181,181,V1_R,12.23071759,-80.64448754,4.10137252,R,V1,181
182,182,V2_R,12.36677282,-78.13800425,5.714118896,R,V2,182
183,183,V3_R,17.80363588,-85.09076327,9.895869536,R,V3,183
184,184,V4_R,30.33480273,-83.9248402,-0.544853427,R,V4,184
185,185,IPS1_R,25.95314286,-71.984,41.52628571,R,IPS1,185
186,186,V3A_R,18.74321881,-88.3761302,30.34629295,R,V3A,186
187,187,V3B_R,29.95896033,-75.73050616,21.61012312,R,V3B,187
188,188,V6_R,17.95766517,-76.67286722,30.72161642,R,V6,188
189,189,V6A_R,22.1253406,-83.24250681,44.32152589,R,V6A,189
190,190,V7_R,28.71757925,-82.19020173,34.20076849,R,V7,190
191,191,FFC_R,41.2164925,-54.91322126,-19.54906861,R,FFC,191
192,192,PIT_R,43.03102453,-82.76984127,-11.67532468,R,PIT,192
193,193,V8_R,30.75404255,-76.03319149,-12.33531915,R,V8,193
194,194,VMV1_R,19.36177194,-52.83921247,-7.160787531,R,VMV1,194
195,195,VMV2_R,26.47345612,-54.0411701,-6.98808234,R,VMV2,195
196,196,VMV3_R,26.81239936,-60.80273752,-10.46940419,R,VMV3,196
197,197,VVC_R,29.1983291,-49.39738467,-18.05739194,R,VVC,197
198,198,FST_R,50.78431373,-63.82234106,1.714795009,R,FST,198
199,199,LO1_R,39.93179318,-79.89218922,5.398239824,R,LO1,199
200,200,LO2_R,45.65348399,-82.24199623,-1.623352166,R,LO2,200
201,201,LO3_R,42.77377049,-73.70273224,14.10819672,R,LO3,201
202,202,MST_R,49.10328185,-64.37065637,7.8996139,R,MST,202
203,203,MT_R,50.3641791,-69.78109453,11.50646766,R,MT,203
204,204,PH_R,47.87176287,-63.25179407,-9.591575663,R,PH,204
205,205,V3CD_R,38.10229133,-83.3207856,13.19394435,R,V3CD,205
206,206,V4t_R,50.81265012,-73.71817454,0.114491593,R,V4t,206
207,207,1_R,47.37468354,-21.58059072,54.66869198,R,1,207
208,208,2_R,38.40131161,-29.855934,51.70848318,R,2,208
209,209,3a_R,31.53412073,-20.35389326,47.08048994,R,3a,209
210,210,3b_R,37.56597701,-20.05195402,52.29057471,R,3b,210
211,211,4_R,27.10581237,-17.3280671,56.96684221,R,4,211
212,212,23c_R,10.3122498,-29.39831865,43.37990392,R,23c,212
213,213,24dd_R,6.642198582,-12.92198582,51.26843972,R,24dd,213
214,214,24dv_R,8.534469978,0.538176427,45.68124537,R,24dv,214
215,215,5L_R,13.37645037,-47.78856897,72.64159862,R,5L,215
216,216,5m_R,6.36988937,-38.34439634,62.87638288,R,5m,216
217,217,5mv_R,12.56913828,-37.53306613,51.85170341,R,5mv,217
218,218,6ma_R,19.98682663,7.040696307,66.14208422,R,6ma,218
219,219,6mp_R,17.63349436,-11.03381643,68.30434783,R,6mp,219
220,220,SCEF_R,5.623553842,6.100563631,58.14239098,R,SCEF,220
221,221,55b_R,49.50878334,2.468445023,46.79570592,R,55b,221
222,222,6a_R,25.91311301,-0.463486141,53.03144989,R,6a,222
223,223,6d_R,36.17875559,-11.38191818,64.65383293,R,6d,223
224,224,6r_R,52.76161768,10.35820146,12.34790254,R,6r,224
225,225,6v_R,59.39705882,6.951112878,29.81875994,R,6v,225
226,226,FEF_R,44.15140286,-2.206458444,51.50608788,R,FEF,226
227,227,PEF_R,47.48569157,2.883942766,36.88394277,R,PEF,227
228,228,43_R,54.53098927,0.074493445,8.982717521,R,43,228
229,229,FOP1_R,46.21995708,4.994635193,4.527896996,R,FOP1,229
230,230,OP1_R,42.84328358,-19.0261194,18.13339552,R,OP1,230
231,231,OP2-3_R,38.92424242,-12.65277778,18.0290404,R,OP2-3,231
232,232,OP4_R,57.30012453,-10.51888751,13.31880448,R,OP4,232
233,233,52_R,38.85862069,-19.37931034,1.370689655,R,52,233
234,234,A1_R,43.04020101,-22.24623116,11.29396985,R,A1,234
235,235,LBelt_R,47.86237514,-25.7236404,11.3618202,R,LBelt,235
236,236,MBelt_R,45.60275081,-15.51375405,5.268608414,R,MBelt,236
237,237,PBelt_R,57.01042391,-19.44683808,9.099374566,R,PBelt,237
238,238,PFcm_R,48.43838384,-27.92996633,22.79124579,R,PFcm,238
239,239,RI_R,43.06071964,-30.85232384,19.92428786,R,RI,239
240,240,A4_R,65.14459834,-16.63739612,6.641274238,R,A4,240
241,241,A5_R,62.0546251,-16.13656274,-2.102293223,R,A5,241
242,242,STGa_R,50.79332419,14.25560128,-18.12665752,R,STGa,242
243,243,STSda_R,51.89870239,-3.39012139,-14.72540812,R,STSda,243
244,244,STSdp_R,49.17619962,-29.3915547,-0.775047985,R,STSdp,244
245,245,STSva_R,54.77368421,-10.77105263,-15.70789474,R,STSva,245
246,246,STSvp_R,59.50178926,-31.47753479,-2.932007952,R,STSvp,246
247,247,TA2_R,51.75202781,3.001738123,-5.788528389,R,TA2,247
248,248,AAIC_R,33.93613247,15.40390302,-13.42696629,R,AAIC,248
249,249,AVI_R,32.85881696,26.10881696,-4.264508929,R,AVI,249
250,250,FOP2_R,40.59722222,-0.819444444,14.54166667,R,FOP2,250
251,251,FOP3_R,34.81596091,7.786644951,10.99185668,R,FOP3,251
252,252,FOP4_R,38.72884386,16.05840286,6.448152563,R,FOP4,252
253,253,FOP5_R,38.32454212,27.47912088,4.148717949,R,FOP5,253
254,254,Ig_R,37.14113278,-11.77065924,12.75858867,R,Ig,254
255,255,MI_R,38.21020408,12.95204082,0.22755102,R,MI,255
256,256,PI_R,44.44706994,-2.377126654,-13.536862,R,PI,256
257,257,Pir_R,29.97359914,5.08674569,-18.60614224,R,Pir,257
258,258,PoI1_R,38.88228883,-7.973841962,-6.527520436,R,PoI1,258
259,259,PoI2_R,40.83514019,-0.892336449,-1.698317757,R,PoI2,259
260,260,Hipp_R,26.69911748,-21.03723111,-16.77744071,R,Hipp,260
261,261,PreS_R,17.12708601,-33.09499358,-11.9139923,R,PreS,261
262,262,EC_R,21.78720379,-11.77156398,-30.31327014,R,EC,262
263,263,PeEc_R,29.26729758,-6.514826498,-34.54153523,R,PeEc,263
264,264,TF_R,41.64457071,-19.62079125,-30.53409091,R,TF,264
265,265,PHA1_R,23.45804795,-35.17979452,-15.49914384,R,PHA1,265
266,266,PHA2_R,31.64332036,-34.15564202,-12.37094682,R,PHA2,266
267,267,PHA3_R,32.57486631,-37.13636364,-15.53921569,R,PHA3,267
268,268,PHT_R,59.96422287,-54.38944282,-3.801759531,R,PHT,268
269,269,TE1a_R,61.04880383,-3.469138756,-23.47440191,R,TE1a,269
270,270,TE1m_R,64.92009332,-24.60367454,-15.51881015,R,TE1m,270
271,271,TE1p_R,61.73527454,-44.67271215,-12.22595674,R,TE1p,271
272,272,TE2a_R,56.07926299,-19.94055276,-28.90578828,R,TE2a,272
273,273,TE2p_R,47.80986842,-39.6125,-20.74736842,R,TE2p,273
274,274,TGd_R,38.25017042,14.3858214,-35.09815951,R,TGd,274
275,275,TGv_R,35.55481728,0.112513843,-45.59889258,R,TGv,275
276,276,PSL_R,64.16165277,-37.0065241,27.24864081,R,PSL,276
277,277,STV_R,58.5396687,-45.06277245,20.98299913,R,STV,277
278,278,TPOJ1_R,54.57516506,-45.24657186,13.09040122,R,TPOJ1,278
279,279,TPOJ2_R,52.56286267,-56.42698259,9.250483559,R,TPOJ2,279
280,280,TPOJ3_R,45.19498825,-61.38371182,18.08927173,R,TPOJ3,280
281,281,7AL_R,22.5044335,-50.6817734,68.65862069,R,7AL,281
282,282,7Am_R,8.226145439,-59.2803699,60.98781,R,7Am,282
283,283,7PC_R,36.00468521,-46.10541728,61.58594436,R,7PC,283
284,284,7PL_R,12.18048423,-71.49449743,59.04255319,R,7PL,284
285,285,7Pm_R,5.366207951,-66.02599388,50.48088685,R,7Pm,285
286,286,AIP_R,38.33044847,-37.98269079,44.16719119,R,AIP,286
287,287,LIPd_R,30.35212888,-54.69159954,45.95281933,R,LIPd,287
288,288,LIPv_R,28.21929333,-57.24845766,54.94279305,R,LIPv,288
289,289,MIP_R,25.84685809,-68.0178943,52.43612151,R,MIP,289
290,290,VIP_R,22.44388079,-61.59353202,64.37920101,R,VIP,290
291,291,IP0_R,33.9047619,-74.05811138,27.63438257,R,IP0,291
292,292,IP1_R,33.51654412,-67.27879902,41.01470588,R,IP1,292
293,293,IP2_R,42.36055884,-42.14078452,45.80118216,R,IP2,293
294,294,PF_R,60.35174253,-30.2681394,38.6922491,R,PF,294
295,295,PFm_R,51.29431274,-49.7443803,45.88957131,R,PFm,295
296,296,PFop_R,62.17779024,-19.66124509,23.0673023,R,PFop,296
297,297,PFt_R,56.18440412,-20.15497793,37.01324179,R,PFt,297
298,298,PGi_R,51.25955734,-59.8778672,29.47706237,R,PGi,298
299,299,PGp_R,44.98529412,-77.1644385,25.40748663,R,PGp,299
300,300,PGs_R,43.04575163,-69.90582294,42.93196673,R,PGs,300
301,301,23d_R,2.916060806,-21.03106411,38.8268341,R,23d,301
302,302,31a_R,5.246415771,-39.88709677,41.41577061,R,31a,302
303,303,31pd_R,10.61689815,-51.86921296,35.08333333,R,31pd,303
304,304,31pv_R,9.246575342,-43.97945205,33.4148728,R,31pv,304
305,305,7m_R,4.515239478,-62.12530237,33.9245283,R,7m,305
306,306,d23ab_R,3.149186257,-40.86889693,32.63924051,R,d23ab,306
307,307,DVT_R,18.98253676,-70.21783088,35.59375,R,DVT,307
308,308,PCV_R,5.95736755,-50.23799669,49.45405629,R,PCV,308
309,309,POS1_R,13.57315732,-56.36156949,16.17675101,R,POS1,309
310,310,POS2_R,10.87811187,-69.70417071,37.8457808,R,POS2,310
311,311,ProS_R,22.19052133,-50.72985782,3.51563981,R,ProS,311
312,312,RSC_R,5.649168569,-35.58819694,20.537985,R,RSC,312
313,313,v23ab_R,4.13865932,-55.22222222,18.06152433,R,v23ab,313
314,314,10r_R,7.15954416,52.57169991,-10.74738841,R,10r,314
315,315,10v_R,3.274840645,53.96737908,-16.77690289,R,10v,315
316,316,25_R,3.020140515,19.03934426,-11.92224824,R,25,316
317,317,33pr_R,4.29787234,14.49544073,25.65045593,R,33pr,317
318,318,8BM_R,4.884458673,32.32508731,45.43480792,R,8BM,318
319,319,9m_R,6.606699541,55.40622343,19.32188403,R,9m,319
320,320,a24_R,5.791356877,38.77137546,-2.383364312,R,a24,320
321,321,a24pr_R,3.980325645,19.49050204,32.20081411,R,a24pr,321
322,322,a32pr_R,9.604651163,28.58855098,30.20840787,R,a32pr,322
323,323,d32_R,7.379528222,39.93049705,25.63816344,R,d32,323
324,324,p24_R,4.877968878,37.00737101,15.17772318,R,p24,324
325,325,p24pr_R,3.224477958,-2.13863109,39.92401392,R,p24pr,325
326,326,p32_R,6.683286119,49.93541076,-4.754674221,R,p32,326
327,327,p32pr_R,9.538697318,15.23141762,38.14252874,R,p32pr,327
328,328,pOFC_R,14.46332863,12.45592384,-18.92101551,R,pOFC,328
329,329,s32_R,3.320197044,35.77438424,-15.66699507,R,s32,329
330,330,10d_R,9.349806202,67.97674419,4.495155039,R,10d,330
331,331,10pp_R,12.44672296,63.57177322,-16.91073583,R,10pp,331
332,332,11l_R,26.0060638,49.09912998,-16.32269971,R,11l,332
333,333,13l_R,20.56118384,30.58736483,-19.40295959,R,13l,333
334,334,47m_R,33.17541613,34.51728553,-13.51216389,R,47m,334
335,335,47s_R,32.38409091,24.13733766,-19.56558442,R,47s,335
336,336,a10p_R,24.67677346,62.19679634,-8.949084668,R,a10p,336
337,337,OFC_R,8.189984709,35.20661315,-24.88646789,R,OFC,337
338,338,p10p_R,24.197463,61.27019027,2.155179704,R,p10p,338
339,339,44_R,53.66434917,19.32329085,12.81035149,R,44,339
340,340,45_R,52.29338285,27.39837947,3.023295071,R,45,340
341,341,47l_R,45.7654321,35.54050926,-14.2503858,R,47l,341
342,342,a47r_R,38.77836832,53.23810789,-8.782088759,R,a47r,342
343,343,IFJa_R,44.03131673,16.48896797,25.10818505,R,IFJa,343
344,344,IFJp_R,39.43648649,7.210810811,27.22297297,R,IFJp,344
345,345,IFSa_R,47.41726619,38.74668686,4.974252177,R,IFSa,345
346,346,IFSp_R,45.49364162,28.39595376,19.24508671,R,IFSp,346
347,347,p47r_R,45.20329358,46.44236229,-3.009653606,R,p47r,347
348,348,46_R,35.98020027,41.25580337,30.06349568,R,46,348
349,349,8Ad_R,24.01345934,32.35051546,41.51345934,R,8Ad,349
350,350,8Av_R,39.80362589,19.3652999,47.86834971,R,8Av,350
351,351,8BL_R,12.45095635,44.05885238,47.50171653,R,8BL,351
352,352,8C_R,39.91129547,18.24760689,36.02648373,R,8C,352
353,353,9-46d_R,28.58036862,50.5445778,21.23274754,R,9-46d,353
354,354,9a_R,19.72604987,63.22244094,18.9671916,R,9a,354
355,355,9p_R,20.96262058,51.5028135,33.49276527,R,9p,355
356,356,a9-46v_R,40.05365297,53.36073059,8.824961948,R,a9-46v,356
357,357,i6-8_R,33.00165426,8.940860215,57.37675765,R,i6-8,357
358,358,p9-46v_R,46.85113269,33.43257821,25.21618123,R,p9-46v,358
359,359,s6-8_R,20.36022514,24.8217636,57.67636023,R,s6-8,359
360,360,SFL_R,7.81603928,19.44746318,63.95090016,R,SFL,360
361,361,AV_L,-4.576086957,-6.039855072,8.891304348,L,AV,361
362,362,CeM_L,-4.737864078,-9.067961165,-0.029126214,L,CeM,362
363,363,CL_L,-5.736842105,-13.68421053,12.84210526,L,CL,363
364,364,CM_L,-10.00737101,-20.74201474,-0.356265356,L,CM,364
365,365,LD_L,-5.275862069,-14.03448276,15.37931034,L,LD,365
366,366,LGN_L,-22.07164179,-27.64477612,-5.005970149,L,LGN,366
367,367,LP_L,-9.213114754,-17.87295082,15.44262295,L,LP,367
368,368,L-Sg_L,-8.833333333,-27.93333333,-2.166666667,L,L-Sg,368
369,369,MDl_L,-7.006289308,-14.94339623,5.764150943,L,MDl,369
370,370,MDm_L,-3.779267203,-16.47453083,5.150134048,L,MDm,370
371,371,MGN_L,-14.42857143,-26.52142857,-5.521428571,L,MGN,371
373,373,Pf_L,-5.965517241,-21.81034483,-2.534482759,L,Pf,373
374,374,PuA_L,-12.03058104,-23.62385321,6.758409786,L,PuA,374
375,375,PuI_L,-17.97959184,-31.10787172,-0.50728863,L,PuI,375
376,376,PuL_L,-18.35782748,-25.71565495,11.61661342,L,PuL,376
377,377,PuM_L,-12.67165775,-29.57860963,6.798930481,L,PuM,377
378,378,VA_L,-8.959546926,-4.95631068,4.351132686,L,VA,378
379,379,VLa_L,-12.15822002,-9.82447466,6.831891224,L,VLa,379
380,380,VLp_L,-13.19099492,-14.1902687,8.036310821,L,VLp,380
381,381,VPL_L,-17.87865311,-21.43710292,6.088310038,L,VPL,381
382,382,Putam_L,-25.98949661,0.919047009,0.418342513,L,Putam,382
383,383,Caud_L,-14.72525399,7.049637155,8.828011611,L,Caud,383
384,384,NAc_L,-10.07068966,8.015517241,-10.3137931,L,NAc,384
385,385,Gpe_L,-19.39833333,-1.398333333,-0.421666667,L,Gpe,385
386,386,Gpi_L,-17.47665056,-5.206119163,-4.54589372,L,Gpi,386
387,387,Amyg_L,-23.84758842,-4.872025723,-19.85659164,L,Amyg,387
388,388,SNpc_L,-8.414893617,-19.46276596,-14.17021277,L,SNpc,388
389,389,SNpr_L,-10.27294118,-16.40941176,-13.48705882,L,SNpr,389
390,390,VTA_L,-3.954545455,-20.86363636,-16.68181818,L,VTA,390
391,391,MB_L,-2.239316239,-7.905982906,-14.63247863,L,MB,391
392,392,Septum_L,-2.370689655,6.267241379,-4.375,L,Septum,392
393,393,Nb_L,-13.84094488,-0.371653543,-10.88818898,L,Nb,393
394,394,AV_R,4.322695035,-4.546099291,8.719858156,R,AV,394
395,395,CeM_R,4.902173913,-8.195652174,-0.141304348,R,CeM,395
396,396,CL_R,5.533333333,-10.86666667,11.93333333,R,CL,396
397,397,CM_R,9.757333333,-19.96266667,-0.032,R,CM,397
398,398,LD_R,5.413793103,-12.03448276,15.03448276,R,LD,398
399,399,LGN_R,21.54104478,-26.54477612,-4.768656716,R,LGN,399
400,400,LP_R,9.033457249,-16.42007435,15.29739777,R,LP,400
402,402,MDl_R,7.03525641,-13.6025641,5.868589744,R,MDl,402
403,403,MDm_R,3.704974271,-15.19468268,5.036020583,R,MDm,403
404,404,MGN_R,14.14880952,-25.73809524,-4.982142857,R,MGN,404
406,406,Pf_R,5.807692308,-20.82692308,-2.307692308,R,Pf,406
407,407,PuA_R,11.68881119,-22.48251748,7.006993007,R,PuA,407
408,408,PuI_R,17.20532319,-29.70722433,0.152091255,R,PuI,408
409,409,PuL_R,17.39655172,-23.94827586,11.38362069,R,PuL,409
410,410,PuM_R,12.14751185,-28.08767773,7.337677725,R,PuM,410
411,411,VA_R,9.032733224,-3.610474632,4.126022913,R,VA,411
412,412,VLa_R,12.07608696,-8.144927536,6.764492754,R,VLa,412
413,413,VLp_R,12.68957529,-12.56833977,8.102702703,R,VLp,413
414,414,VPL_R,16.89212828,-19.85641399,5.962099125,R,VPL,414
415,415,Putam_R,25.62406788,2.393288763,0.153767035,R,Putam,415
416,416,Caud_R,14.44770408,8.2069161,9.288407029,R,Caud,416
417,417,NAc_R,9.407345576,8.908180301,-9.976627713,R,NAc,417
418,418,Gpe_R,19.15391156,-0.172619048,-0.448979592,R,Gpe,418
419,419,Gpi_R,17.12578616,-4.083333333,-4.503144654,R,Gpi,419
420,420,Amyg_R,22.89467162,-3.587980173,-20.14560099,R,Amyg,420
421,421,SNpc_R,8.209677419,-19.30645161,-14.1827957,R,SNpc,421
422,422,SNpr_R,10.03786192,-15.97772829,-13.49888641,R,SNpr,422
423,423,VTA_R,3.738095238,-20.69047619,-16.78571429,R,VTA,423
424,424,MB_R,2.396226415,-7.79245283,-14.78301887,R,MB,424
425,425,Septum_R,1.182857143,6.382857143,-3.045714286,R,Septum,425
426,426,Nb_R,15.35836177,-0.233788396,-10.03924915,R,Nb,426
